{"epoch": 11, "loss": 0.3871050775051117, "accuracy": 77.88873038516405, "_timestamp": 1722416319.5456996, "_runtime": 86.38381171226501, "_step": 11, "_wandb": {"runtime": 94}}