{"epoch": 24, "loss": 0.666658341884613, "accuracy": 72.50141163184641, "_timestamp": 1722326153.7369213, "_runtime": 77.33759331703186, "_step": 24, "_wandb": {"runtime": 77}}