{"epoch": 24, "loss": 0.5904882550239563, "accuracy": 74.97507477567298, "_timestamp": 1722390587.2139933, "_runtime": 124.34862542152405, "_step": 24, "_wandb": {"runtime": 123}}