{"epoch": 16, "loss": 0.3667770028114319, "accuracy": 77.88873038516405, "_timestamp": 1722416689.910351, "_runtime": 127.05337405204773, "_step": 16, "_wandb": {"runtime": 131}}