{"epoch": 17, "loss": 0.7095458507537842, "accuracy": 64.55696202531645, "_timestamp": 1722411658.9284136, "_runtime": 95.31795072555542, "_step": 17, "_wandb": {"runtime": 96}}