{"epoch": 22, "loss": 0.589616060256958, "accuracy": 76.5702891326022, "_timestamp": 1722389774.0784373, "_runtime": 105.8271074295044, "_step": 22, "_wandb": {"runtime": 110}}