{"epoch": 12, "loss": 0.658896267414093, "accuracy": 72.50141163184641, "_timestamp": 1722319254.321128, "_runtime": 45.983383893966675, "_step": 12, "_wandb": {"runtime": 48}}