{"epoch": 24, "loss": 0.5042745471000671, "accuracy": 79.18781725888324, "_timestamp": 1722393143.5927577, "_runtime": 38.94124960899353, "_step": 24, "_wandb": {"runtime": 37}}