{"epoch": 18, "loss": 0.5978555083274841, "accuracy": 72.50141163184641, "_timestamp": 1722318846.6304991, "_runtime": 55.03677415847778, "_step": 18, "_wandb": {"runtime": 56}}