{"epoch": 92, "loss": 0.589706301689148, "accuracy": 72.50141163184641, "_timestamp": 1722324205.942317, "_runtime": 272.84838008880615, "_step": 92, "_wandb": {"runtime": 275}}