{"epoch": 5, "loss": 0.5722552537918091, "accuracy": 76.5702891326022, "_timestamp": 1722390240.0687096, "_runtime": 51.4554705619812, "_step": 5, "_wandb": {"runtime": 67}}