{"epoch": 10, "loss": 0.5396235585212708, "accuracy": 79.18781725888324, "_timestamp": 1722392996.4024742, "_runtime": 41.064446210861206, "_step": 10, "_wandb": {"runtime": 42}}