{"epoch": 7, "loss": 0.6931198835372925, "accuracy": 35.44303797468354, "_timestamp": 1722413148.487689, "_runtime": 36.02871799468994, "_step": 7}