{"epoch": 29, "loss": 0.5246380567550659, "accuracy": 77.88873038516405, "_timestamp": 1722474314.498598, "_runtime": 72.35744404792786, "_step": 29, "_wandb": {"runtime": 71}}