{"epoch": 13, "loss": 0.5304131507873535, "accuracy": 77.88873038516405, "_timestamp": 1722474232.764219, "_runtime": 38.290894985198975, "_step": 13, "_wandb": {"runtime": 39}}