{"epoch": 13, "loss": 0.6159105896949768, "accuracy": 76.5702891326022, "_timestamp": 1722389632.742561, "_runtime": 90.76407098770142, "_step": 13, "_wandb": {"runtime": 87}}