{"epoch": 29, "loss": 0.6315650939941406, "accuracy": 72.50141163184641, "_timestamp": 1722323515.7759125, "_runtime": 91.00720453262329, "_step": 29, "_wandb": {"runtime": 90}}