{"epoch": 13, "loss": 0.34716030955314636, "accuracy": 77.88873038516405, "_timestamp": 1722476299.79212, "_runtime": 26.993157863616943, "_step": 13, "_wandb": {"runtime": 28}}