{"epoch": 17, "loss": 0.6886124014854431, "accuracy": 37.55102040816327, "_timestamp": 1722473144.0009673, "_runtime": 18.419686317443848, "_step": 17, "_wandb": {"runtime": 44}}