{"epoch": 7, "loss": 0.6966212391853333, "accuracy": 64.55696202531645, "_timestamp": 1722414031.5271094, "_runtime": 13.851891279220581, "_step": 7, "_wandb": {"runtime": 26}}