{"epoch": 13, "loss": 0.3757944405078888, "accuracy": 77.88873038516405, "_timestamp": 1722476590.0419502, "_runtime": 26.819425344467163, "_step": 13, "_wandb": {"runtime": 27}}