{"epoch": 11, "loss": 0.6922698020935059, "accuracy": 35.44303797468354, "_timestamp": 1722408167.2618158, "_runtime": 21.430285692214966, "_step": 11, "_wandb": {"runtime": 21}}