{"epoch": 29, "loss": 0.6722089648246765, "accuracy": 62.44897959183673, "_timestamp": 1722473216.0468988, "_runtime": 40.967564821243286, "_step": 29, "_wandb": {"runtime": 39}}