{"epoch": 0, "loss": 0.5512431859970093, "accuracy": 100.0, "_timestamp": 1722386816.6059904, "_runtime": 44.71979832649231, "_step": 0}