{"epoch": 29, "loss": 0.5104149580001831, "accuracy": 77.88873038516405, "_timestamp": 1722473946.4265661, "_runtime": 71.0246422290802, "_step": 29, "_wandb": {"runtime": 70}}