{"epoch": 19, "loss": 0.6482573747634888, "accuracy": 100.0, "_timestamp": 1722480192.3728878, "_runtime": 32.15018081665039, "_step": 19, "_wandb": {"runtime": 29}}