{"epoch": 19, "loss": 0.5497329235076904, "accuracy": 72.50141163184641, "_timestamp": 1722317709.950902, "_runtime": 67.05467510223389, "_step": 19, "_wandb": {"runtime": 66}}