{"epoch": 24, "loss": 0.7096973061561584, "accuracy": 64.55696202531645, "_timestamp": 1722406163.9406114, "_runtime": 67.86478042602539, "_step": 24, "_wandb": {"runtime": 67}}