{"epoch": 15, "loss": 0.6261144280433655, "accuracy": 72.50141163184641, "_timestamp": 1722326049.4184906, "_runtime": 33.47448468208313, "_step": 15, "_wandb": {"runtime": 34}}