{"epoch": 13, "loss": 0.34192922711372375, "accuracy": 77.88873038516405, "_timestamp": 1722478278.6005917, "_runtime": 23.9857497215271, "_step": 13, "_wandb": {"runtime": 25}}