{"epoch": 24, "loss": 0.5252466797828674, "accuracy": 79.18781725888324, "_timestamp": 1722400254.9288177, "_runtime": 67.87138772010803, "_step": 24, "_wandb": {"runtime": 67}}