{"epoch": 19, "loss": 0.6033953428268433, "accuracy": 72.50141163184641, "_timestamp": 1722317924.9216094, "_runtime": 63.856608390808105, "_step": 19, "_wandb": {"runtime": 63}}