{"epoch": 40, "loss": 0.6032907962799072, "accuracy": 72.50141163184641, "_timestamp": 1722324439.3987207, "_runtime": 109.95600366592407, "_step": 40, "_wandb": {"runtime": 112}}