{"epoch": 24, "loss": 0.3736565113067627, "accuracy": 77.88873038516405, "_timestamp": 1722417285.1473043, "_runtime": 181.36913537979126, "_step": 24, "_wandb": {"runtime": 185}}