{"epoch": 24, "loss": 0.6779727339744568, "accuracy": 64.55696202531645, "_timestamp": 1722405684.2424707, "_runtime": 62.91912078857422, "_step": 24}