{"epoch": 2, "loss": 0.5253307819366455, "accuracy": 79.18781725888324, "_timestamp": 1722393086.6078856, "_runtime": 11.02686357498169, "_step": 2, "_wandb": {"runtime": 11}}