{"epoch": 19, "loss": 0.7463483810424805, "accuracy": 0.0, "_timestamp": 1722480903.1636212, "_runtime": 37.07423114776611, "_step": 19, "_wandb": {"runtime": 34}}