{"epoch": 26, "loss": 0.430545836687088, "accuracy": 77.88873038516405, "_timestamp": 1722474500.9790747, "_runtime": 45.199034690856934, "_step": 26, "_wandb": {"runtime": 46}}