{"epoch": 7, "loss": 0.6941447854042053, "accuracy": 35.44303797468354, "_timestamp": 1722414089.683534, "_runtime": 14.21557092666626, "_step": 7, "_wandb": {"runtime": 79}}