{"epoch": 17, "loss": 0.5722495913505554, "accuracy": 76.5702891326022, "_timestamp": 1722389938.655229, "_runtime": 140.76868605613708, "_step": 17, "_wandb": {"runtime": 147}}