{"epoch": 11, "loss": 0.5017001032829285, "accuracy": 76.5702891326022, "_timestamp": 1722390379.0382729, "_runtime": 99.35545682907104, "_step": 11, "_wandb": {"runtime": 175}}