{"epoch": 11, "loss": 0.6952252388000488, "accuracy": 64.55696202531645, "_timestamp": 1722411993.9716187, "_runtime": 51.71535658836365, "_step": 11}