{"epoch": 17, "loss": 0.4858671724796295, "accuracy": 80.4733727810651, "_timestamp": 1722404395.0061543, "_runtime": 51.83872318267822, "_step": 17, "_wandb": {"runtime": 54}}