{"epoch": 21, "loss": 0.6985841989517212, "accuracy": 35.44303797468354, "_timestamp": 1722405446.9233775, "_runtime": 47.820234537124634, "_step": 21, "_wandb": {"runtime": 48}}