{"epoch": 12, "loss": 0.3472296893596649, "accuracy": 77.88873038516405, "_timestamp": 1722476519.8627136, "_runtime": 25.31162667274475, "_step": 12, "_wandb": {"runtime": 26}}