{"epoch": 69, "loss": 0.5805709362030029, "accuracy": 72.50141163184641, "_timestamp": 1722324906.1936727, "_runtime": 210.71623158454895, "_step": 69, "_wandb": {"runtime": 210}}