{"epoch": 24, "loss": 0.7061418890953064, "accuracy": 64.55696202531645, "_timestamp": 1722414530.1270192, "_runtime": 29.78446626663208, "_step": 24, "_wandb": {"runtime": 29}}