{"epoch": 18, "loss": 0.694144070148468, "accuracy": 64.55696202531645, "_timestamp": 1722406329.264631, "_runtime": 62.09156012535095, "_step": 18, "_wandb": {"runtime": 100}}