{"epoch": 9, "loss": 0.5836830139160156, "accuracy": 72.50141163184641, "_timestamp": 1722317436.3766904, "_runtime": 108.42761635780334, "_step": 9, "_wandb": {"runtime": 78}}