{"acc": 0.933602029822472, "loss": 0.1527875174017289, "_timestamp": 1722316987.6945632, "_runtime": 9.749065160751343, "_step": 7, "_wandb": {"runtime": 9}}