{"epoch": 24, "loss": 0.533708930015564, "accuracy": 81.79840464104423, "_timestamp": 1722402545.372682, "_runtime": 59.959654092788696, "_step": 24, "_wandb": {"runtime": 58}}