{"epoch": 14, "loss": 0.5342705845832825, "accuracy": 80.4733727810651, "_timestamp": 1722404019.8573399, "_runtime": 38.1772518157959, "_step": 14, "_wandb": {"runtime": 39}}