{"epoch": 8, "loss": 0.4857824146747589, "accuracy": 82.44127839815171, "_timestamp": 1722387679.6701155, "_runtime": 84.5815703868866, "_step": 8, "_wandb": {"runtime": 90}}