{"epoch": 7, "loss": 0.7119934558868408, "accuracy": 64.55696202531645, "_timestamp": 1722411546.1042964, "_runtime": 49.390554428100586, "_step": 7, "_wandb": {"runtime": 50}}