{"epoch": 12, "loss": 0.7183415293693542, "accuracy": 58.09128630705394, "_timestamp": 1722393448.6043768, "_runtime": 19.887820720672607, "_step": 12, "_wandb": {"runtime": 20}}