{"epoch": 29, "loss": 0.4026600122451782, "accuracy": 77.88873038516405, "_timestamp": 1722475940.3253448, "_runtime": 55.81016683578491, "_step": 29, "_wandb": {"runtime": 55}}