{"epoch": 24, "loss": 0.727347731590271, "accuracy": 64.55696202531645, "_timestamp": 1722414471.2817082, "_runtime": 38.86375117301941, "_step": 24, "_wandb": {"runtime": 38}}