{"epoch": 29, "loss": 0.41960403323173523, "accuracy": 77.88873038516405, "_timestamp": 1722474413.3527393, "_runtime": 48.671226263046265, "_step": 29, "_wandb": {"runtime": 48}}