{"epoch": 16, "loss": 0.3484141528606415, "accuracy": 77.88873038516405, "_timestamp": 1722476433.729275, "_runtime": 32.33652305603027, "_step": 16, "_wandb": {"runtime": 32}}