{"epoch": 10, "loss": 0.4875020682811737, "accuracy": 79.18781725888324, "_timestamp": 1722399989.2556112, "_runtime": 56.139886140823364, "_step": 10, "_wandb": {"runtime": 58}}