{"epoch": 24, "loss": 0.4697004556655884, "accuracy": 80.4733727810651, "_timestamp": 1722403931.329902, "_runtime": 66.43062281608582, "_step": 24, "_wandb": {"runtime": 66}}