{"epoch": 24, "loss": 0.7306699156761169, "accuracy": 64.55696202531645, "_timestamp": 1722410066.9514682, "_runtime": 68.33184432983398, "_step": 24}