{"epoch": 29, "loss": 0.6883006691932678, "accuracy": 62.44897959183673, "_timestamp": 1722473309.4689326, "_runtime": 43.67485857009888, "_step": 29, "_wandb": {"runtime": 43}}