{"epoch": 9, "loss": 0.445751816034317, "accuracy": 82.44127839815171, "_timestamp": 1722387775.8620899, "_runtime": 64.29966878890991, "_step": 9, "_wandb": {"runtime": 69}}