{"epoch": 6, "loss": 0.6415358781814575, "accuracy": 58.09128630705394, "_timestamp": 1722400427.896104, "_runtime": 17.23465919494629, "_step": 6, "_wandb": {"runtime": 13}}