{"epoch": 8, "loss": 0.37964046001434326, "accuracy": 77.88873038516405, "_timestamp": 1722477501.7539382, "_runtime": 31.888809204101562, "_step": 8, "_wandb": {"runtime": 33}}