{"epoch": 22, "loss": 0.7014741897583008, "accuracy": 64.55696202531645, "_timestamp": 1722413055.3667264, "_runtime": 36.82110834121704, "_step": 22}