{"epoch": 6, "loss": 0.37325313687324524, "accuracy": 77.88873038516405, "_timestamp": 1722476723.0727582, "_runtime": 16.16875123977661, "_step": 6, "_wandb": {"runtime": 17}}