{"epoch": 13, "loss": 0.6060126423835754, "accuracy": 72.50141163184641, "_timestamp": 1722318145.9966638, "_runtime": 31.491108894348145, "_step": 13, "_wandb": {"runtime": 32}}