{"epoch": 1, "loss": 0.6543977856636047, "accuracy": 100.0, "_timestamp": 1722402410.8535106, "_runtime": 14.64675760269165, "_step": 1, "_wandb": {"runtime": 38}}