{"epoch": 19, "loss": 0.7370132207870483, "accuracy": 62.44897959183673, "_timestamp": 1722473346.3742743, "_runtime": 19.447941303253174, "_step": 19, "_wandb": {"runtime": 43}}