{"epoch": 12, "loss": 0.6856523156166077, "accuracy": 64.55696202531645, "_timestamp": 1722411723.292323, "_runtime": 57.6629741191864, "_step": 12, "_wandb": {"runtime": 57}}