{"epoch": 30, "loss": 0.5868691205978394, "accuracy": 72.50141163184641, "_timestamp": 1722325927.7441506, "_runtime": 56.31228566169739, "_step": 30, "_wandb": {"runtime": 57}}