{"epoch": 24, "loss": 0.7169560790061951, "accuracy": 64.55696202531645, "_timestamp": 1722408252.1797013, "_runtime": 68.67793726921082, "_step": 24}