{"epoch": 4, "loss": 0.5553140044212341, "accuracy": 84.96864252478252, "_timestamp": 1722400689.77008, "_runtime": 36.97136211395264, "_step": 4, "_wandb": {"runtime": 43}}