{"epoch": 12, "loss": 0.6686286926269531, "accuracy": 72.50141163184641, "_timestamp": 1722319193.6681325, "_runtime": 46.06423544883728, "_step": 12, "_wandb": {"runtime": 46}}