{"epoch": 24, "loss": 0.5883293747901917, "accuracy": 74.97507477567298, "_timestamp": 1722390802.6543348, "_runtime": 136.84917569160461, "_step": 24, "_wandb": {"runtime": 135}}