{"epoch": 15, "loss": 0.5568920969963074, "accuracy": 80.4733727810651, "_timestamp": 1722404197.3330915, "_runtime": 42.077107429504395, "_step": 15, "_wandb": {"runtime": 43}}