{"epoch": 18, "loss": 0.6859455108642578, "accuracy": 58.09128630705394, "_timestamp": 1722400375.7632742, "_runtime": 30.474234104156494, "_step": 18, "_wandb": {"runtime": 30}}