{"epoch": 24, "loss": 0.5645983815193176, "accuracy": 80.4733727810651, "_timestamp": 1722404744.6092994, "_runtime": 68.11956548690796, "_step": 24, "_wandb": {"runtime": 67}}