{"epoch": 18, "loss": 0.5812681913375854, "accuracy": 72.50141163184641, "_timestamp": 1722320076.6639264, "_runtime": 66.32387137413025, "_step": 18, "_wandb": {"runtime": 68}}