{"epoch": 43, "loss": 0.5765747427940369, "accuracy": 72.50141163184641, "_timestamp": 1722324623.4068782, "_runtime": 71.79868531227112, "_step": 43, "_wandb": {"runtime": 72}}