{"epoch": 13, "loss": 0.4763021469116211, "accuracy": 84.96864252478252, "_timestamp": 1722400871.1280143, "_runtime": 73.24664235115051, "_step": 13, "_wandb": {"runtime": 77}}