{"epoch": 24, "loss": 0.5078532695770264, "accuracy": 79.18781725888324, "_timestamp": 1722400081.4680912, "_runtime": 73.04683113098145, "_step": 24, "_wandb": {"runtime": 68}}