{"epoch": 22, "loss": 0.7557580471038818, "accuracy": 62.44897959183673, "_timestamp": 1722471344.5025756, "_runtime": 71.22972059249878, "_step": 22, "_wandb": {"runtime": 292}}