{"epoch": 24, "loss": 0.728565514087677, "accuracy": 64.55696202531645, "_timestamp": 1722414362.4671252, "_runtime": 44.37854814529419, "_step": 24, "_wandb": {"runtime": 43}}