{"epoch": 5, "loss": 0.7461783289909363, "accuracy": 0.0, "_timestamp": 1722414177.7545977, "_runtime": 18.13816261291504, "_step": 5, "_wandb": {"runtime": 41}}