{"epoch": 18, "loss": 0.718887984752655, "accuracy": 62.44897959183673, "_timestamp": 1722471643.386035, "_runtime": 20.847167015075684, "_step": 18, "_wandb": {"runtime": 68}}