{"epoch": 17, "loss": 0.3699903190135956, "accuracy": 77.88873038516405, "_timestamp": 1722472038.5495164, "_runtime": 30.845804452896118, "_step": 17, "_wandb": {"runtime": 31}}