{"epoch": 4, "loss": 0.566279947757721, "accuracy": 72.50141163184641, "_timestamp": 1722325689.7791457, "_runtime": 12.508742809295654, "_step": 4, "_wandb": {"runtime": 13}}