{"epoch": 8, "loss": 0.6842054724693298, "accuracy": 64.55696202531645, "_timestamp": 1722411775.579264, "_runtime": 40.28852581977844, "_step": 8, "_wandb": {"runtime": 44}}