{"epoch": 11, "loss": 0.37945395708084106, "accuracy": 77.88873038516405, "_timestamp": 1722472099.4681942, "_runtime": 22.465699195861816, "_step": 11, "_wandb": {"runtime": 23}}