{"epoch": 9, "loss": 0.5744248628616333, "accuracy": 72.50141163184641, "_timestamp": 1722319701.2042062, "_runtime": 35.945653200149536, "_step": 9, "_wandb": {"runtime": 38}}