{"epoch": 49, "loss": 0.6119571328163147, "accuracy": 72.50141163184641, "_timestamp": 1722323736.6715105, "_runtime": 145.72671151161194, "_step": 49, "_wandb": {"runtime": 145}}