{"epoch": 29, "loss": 0.7535593509674072, "accuracy": 62.44897959183673, "_timestamp": 1722417478.2576432, "_runtime": 95.19227313995361, "_step": 29, "_wandb": {"runtime": 94}}