{"epoch": 24, "loss": 0.56460040807724, "accuracy": 80.4733727810651, "_timestamp": 1722405099.9871097, "_runtime": 88.6245367527008, "_step": 24, "_wandb": {"runtime": 88}}