{"epoch": 5, "loss": 2.101095196849201e-05, "accuracy": 100.0, "_timestamp": 1722480028.5012505, "_runtime": 70.14788055419922, "_step": 5, "_wandb": {"runtime": 68}}