{"epoch": 26, "loss": 0.45807233452796936, "accuracy": 77.88873038516405, "_timestamp": 1722473504.240972, "_runtime": 44.159934997558594, "_step": 26, "_wandb": {"runtime": 44}}