{"epoch": 24, "loss": 0.7013220191001892, "accuracy": 64.55696202531645, "_timestamp": 1722407831.8964777, "_runtime": 45.58235478401184, "_step": 24, "_wandb": {"runtime": 45}}