{"epoch": 5, "loss": 0.3364308178424835, "accuracy": 77.88873038516405, "_timestamp": 1722478181.1146216, "_runtime": 25.438504695892334, "_step": 5, "_wandb": {"runtime": 26}}