{"epoch": 7, "loss": 0.6901993155479431, "accuracy": 74.97507477567298, "_timestamp": 1722390658.2116313, "_runtime": 47.21707725524902, "_step": 7, "_wandb": {"runtime": 48}}