{"epoch": 24, "loss": 0.6732473373413086, "accuracy": 64.55696202531645, "_timestamp": 1722411891.5526645, "_runtime": 105.69202160835266, "_step": 24, "_wandb": {"runtime": 104}}