{"epoch": 19, "loss": 0.7009577751159668, "accuracy": 64.55696202531645, "_timestamp": 1722414289.1669133, "_runtime": 28.554018259048462, "_step": 19, "_wandb": {"runtime": 51}}