{"epoch": 24, "loss": 0.6841014623641968, "accuracy": 58.09128630705394, "_timestamp": 1722393282.5081694, "_runtime": 34.15798044204712, "_step": 24, "_wandb": {"runtime": 33}}