{"epoch": 18, "loss": 0.5245184898376465, "accuracy": 72.50141163184641, "_timestamp": 1722318040.4426079, "_runtime": 64.21336698532104, "_step": 18, "_wandb": {"runtime": 66}}