{"epoch": 4, "loss": 0.5925456285476685, "accuracy": 72.50141163184641, "_timestamp": 1722317588.6052272, "_runtime": 25.83952522277832, "_step": 4, "_wandb": {"runtime": 27}}