{"epoch": 22, "loss": 0.6241019368171692, "accuracy": 80.4733727810651, "_timestamp": 1722404964.2897024, "_runtime": 76.42391848564148, "_step": 22, "_wandb": {"runtime": 78}}