{"epoch": 5, "loss": 0.647514283657074, "accuracy": 100.0, "_timestamp": 1722471713.0197642, "_runtime": 12.927162170410156, "_step": 5}