{"epoch": 17, "loss": 0.7029337882995605, "accuracy": 58.09128630705394, "_timestamp": 1722393310.5369468, "_runtime": 17.413206815719604, "_step": 17, "_wandb": {"runtime": 17}}