{"epoch": 24, "loss": 0.6674043536186218, "accuracy": 64.55696202531645, "_timestamp": 1722405511.9411247, "_runtime": 46.272117614746094, "_step": 24, "_wandb": {"runtime": 44}}