{"epoch": 24, "loss": 0.6654217839241028, "accuracy": 64.55696202531645, "_timestamp": 1722405599.8913786, "_runtime": 36.736820697784424, "_step": 24, "_wandb": {"runtime": 36}}