{"epoch": 20, "loss": 0.7391447424888611, "accuracy": 62.44897959183673, "_timestamp": 1722473102.3247027, "_runtime": 22.854788780212402, "_step": 20, "_wandb": {"runtime": 22}}