{"epoch": 18, "loss": 0.705580472946167, "accuracy": 64.55696202531645, "_timestamp": 1722406242.408047, "_runtime": 35.912538051605225, "_step": 18, "_wandb": {"runtime": 37}}