{"epoch": 13, "loss": 0.691572904586792, "accuracy": 58.09128630705394, "_timestamp": 1722400328.248682, "_runtime": 24.15167212486267, "_step": 13, "_wandb": {"runtime": 25}}