{"epoch": 5, "loss": 0.7064084410667419, "accuracy": 64.55696202531645, "_timestamp": 1722406408.101547, "_runtime": 34.936429023742676, "_step": 5}