{"epoch": 9, "loss": 0.495975136756897, "accuracy": 79.18781725888324, "_timestamp": 1722392924.9430108, "_runtime": 61.527724742889404, "_step": 9, "_wandb": {"runtime": 61}}